laboratory,date,value
Laboratory 1,2020-01-01,1453
Laboratory 1,2020-01-02,1692
Laboratory 1,2020-01-03,1904
Laboratory 1,2020-01-04,1645
Laboratory 1,2020-01-05,1725
Laboratory 1,2020-01-06,2040
Laboratory 1,2020-01-07,2147
Laboratory 1,2020-01-08,2238
Laboratory 1,2020-01-09,1793
Laboratory 1,2020-01-10,1803
Laboratory 1,2020-01-11,1669
Laboratory 1,2020-01-12,1629
Laboratory 1,2020-01-13,1973
Laboratory 1,2020-01-14,2018
Laboratory 1,2020-01-15,1967
Laboratory 1,2020-01-16,1694
Laboratory 1,2020-01-17,1857
Laboratory 1,2020-01-18,1307
Laboratory 1,2020-01-19,1534
Laboratory 1,2020-01-20,1474
Laboratory 1,2020-01-21,1692
Laboratory 1,2020-01-22,1996
Laboratory 1,2020-01-23,2057
Laboratory 1,2020-01-24,1828
Laboratory 1,2020-01-25,1526
Laboratory 1,2020-01-26,1779
Laboratory 1,2020-01-27,2205
Laboratory 1,2020-01-28,2039
Laboratory 1,2020-01-29,2118
Laboratory 1,2020-01-30,1945
Laboratory 1,2020-01-31,2007
Laboratory 1,2020-02-01,1927
Laboratory 1,2020-02-02,1750
Laboratory 1,2020-02-03,2051
Laboratory 1,2020-02-04,1893
Laboratory 1,2020-02-05,1870
Laboratory 1,2020-02-06,1937
Laboratory 1,2020-02-07,2025
Laboratory 1,2020-02-08,1717
Laboratory 1,2020-02-09,1662
Laboratory 1,2020-02-10,2005
Laboratory 1,2020-02-11,2163
Laboratory 1,2020-02-12,2037
Laboratory 1,2020-02-13,1906
Laboratory 1,2020-02-14,1666
Laboratory 1,2020-02-15,1396
Laboratory 1,2020-02-16,1542
Laboratory 1,2020-02-17,1726
Laboratory 1,2020-02-18,1974
Laboratory 1,2020-02-19,2061
Laboratory 1,2020-02-20,1966
Laboratory 1,2020-02-21,1931
Laboratory 1,2020-02-22,1544
Laboratory 1,2020-02-23,1389
Laboratory 1,2020-02-24,1996
Laboratory 1,2020-02-25,2170
Laboratory 1,2020-02-26,1903
Laboratory 1,2020-02-27,1905
Laboratory 1,2020-02-28,1985
Laboratory 1,2020-02-29,1524
Laboratory 1,2020-03-01,1395
Laboratory 1,2020-03-02,2006
Laboratory 1,2020-03-03,2003
Laboratory 1,2020-03-04,1967
Laboratory 1,2020-03-05,1957
Laboratory 1,2020-03-06,1860
Laboratory 1,2020-03-07,1669
Laboratory 1,2020-03-08,1480
Laboratory 1,2020-03-09,2106
Laboratory 1,2020-03-10,2073
Laboratory 1,2020-03-11,2041
Laboratory 1,2020-03-12,1853
Laboratory 1,2020-03-13,1762
Laboratory 1,2020-03-14,1575
Laboratory 1,2020-03-15,1361
Laboratory 1,2020-03-16,1772
Laboratory 1,2020-03-17,1717
Laboratory 1,2020-03-18,1895
Laboratory 1,2020-03-19,1933
Laboratory 1,2020-03-20,2192
Laboratory 1,2020-03-21,1584
Laboratory 1,2020-03-22,1670
Laboratory 1,2020-03-23,2124
Laboratory 1,2020-03-24,2323
Laboratory 1,2020-03-25,2535
Laboratory 1,2020-03-26,2712
Laboratory 1,2020-03-27,2573
Laboratory 1,2020-03-28,2550
Laboratory 1,2020-03-29,2052
Laboratory 1,2020-03-30,2539
Laboratory 1,2020-03-31,2832
Laboratory 1,2020-04-01,3171
Laboratory 1,2020-04-02,3157
Laboratory 1,2020-04-03,3526
Laboratory 1,2020-04-04,2702
Laboratory 1,2020-04-05,2679
Laboratory 1,2020-04-06,3054
Laboratory 1,2020-04-07,3214
Laboratory 1,2020-04-08,3382
Laboratory 1,2020-04-09,3337
Laboratory 1,2020-04-10,3002
Laboratory 1,2020-04-11,2586
Laboratory 1,2020-04-12,2564
Laboratory 1,2020-04-13,2717
Laboratory 1,2020-04-14,2693
Laboratory 1,2020-04-15,2518
Laboratory 1,2020-04-16,2500
Laboratory 1,2020-04-17,2511
Laboratory 1,2020-04-18,2549
Laboratory 1,2020-04-19,2446
Laboratory 1,2020-04-20,2242
Laboratory 1,2020-04-21,2128
Laboratory 1,2020-04-22,2256
Laboratory 1,2020-04-23,2149
Laboratory 1,2020-04-24,2214
Laboratory 1,2020-04-25,1933
Laboratory 1,2020-04-26,1967
Laboratory 1,2020-04-27,2079
Laboratory 1,2020-04-28,1903
Laboratory 1,2020-04-29,1920
Laboratory 1,2020-04-30,1815
Laboratory 1,2020-05-01,1883
Laboratory 1,2020-05-02,2011
Laboratory 1,2020-05-03,1826
Laboratory 1,2020-05-04,2053
Laboratory 1,2020-05-05,1913
Laboratory 1,2020-05-06,1541
Laboratory 1,2020-05-07,1505
Laboratory 1,2020-05-08,1566
Laboratory 1,2020-05-09,1526
Laboratory 1,2020-05-10,1562
Laboratory 1,2020-05-11,1887
Laboratory 1,2020-05-12,2030
Laboratory 1,2020-05-13,1517
Laboratory 1,2020-05-14,1675
Laboratory 1,2020-05-15,1640
Laboratory 1,2020-05-16,1530
Laboratory 1,2020-05-17,1461
Laboratory 1,2020-05-18,1929
Laboratory 1,2020-05-19,1703
Laboratory 1,2020-05-20,1549
Laboratory 1,2020-05-21,1284
Laboratory 1,2020-05-22,1468
Laboratory 1,2020-05-23,1381
Laboratory 1,2020-05-24,1061
Laboratory 1,2020-05-25,1281
Laboratory 1,2020-05-26,1597
Laboratory 1,2020-05-27,1451
Laboratory 1,2020-05-28,1583
Laboratory 1,2020-05-29,1485
Laboratory 1,2020-05-30,1189
Laboratory 1,2020-05-31,1400
Laboratory 1,2020-06-01,1694
Laboratory 1,2020-06-02,1487
Laboratory 1,2020-06-03,1543
Laboratory 1,2020-06-04,1614
Laboratory 1,2020-06-05,1845
Laboratory 1,2020-06-06,1430
Laboratory 1,2020-06-07,1233
Laboratory 1,2020-06-08,1796
Laboratory 1,2020-06-09,1709
Laboratory 1,2020-06-10,1565
Laboratory 1,2020-06-11,1445
Laboratory 1,2020-06-12,1658
Laboratory 1,2020-06-13,1436
Laboratory 1,2020-06-14,1187
Laboratory 1,2020-06-15,1731
Laboratory 1,2020-06-16,1566
Laboratory 1,2020-06-17,1526
Laboratory 1,2020-06-18,1846
Laboratory 1,2020-06-19,1655
Laboratory 1,2020-06-20,1286
Laboratory 1,2020-06-21,1285
Laboratory 1,2020-06-22,1659
Laboratory 1,2020-06-23,1962
Laboratory 1,2020-06-24,1799
Laboratory 1,2020-06-25,1566
Laboratory 1,2020-06-26,1612
Laboratory 1,2020-06-27,1549
Laboratory 1,2020-06-28,1105
Laboratory 1,2020-06-29,1590
Laboratory 1,2020-06-30,1663
Laboratory 1,2020-07-01,1471
Laboratory 1,2020-07-02,1477
Laboratory 1,2020-07-03,1262
Laboratory 1,2020-07-04,1462
Laboratory 1,2020-07-05,1355
Laboratory 1,2020-07-06,1883
Laboratory 1,2020-07-07,2182
Laboratory 1,2020-07-08,2073
Laboratory 1,2020-07-09,2097
Laboratory 1,2020-07-10,1741
Laboratory 1,2020-07-11,1388
Laboratory 1,2020-07-12,1542
Laboratory 1,2020-07-13,1965
Laboratory 1,2020-07-14,1821
Laboratory 1,2020-07-15,1817
Laboratory 1,2020-07-16,1729
Laboratory 1,2020-07-17,1885
Laboratory 1,2020-07-18,1456
Laboratory 1,2020-07-19,1420
Laboratory 1,2020-07-20,1720
Laboratory 1,2020-07-21,1767
Laboratory 1,2020-07-22,2082
Laboratory 1,2020-07-23,2106
Laboratory 1,2020-07-24,1907
Laboratory 1,2020-07-25,1501
Laboratory 1,2020-07-26,1506
Laboratory 1,2020-07-27,1909
Laboratory 1,2020-07-28,2157
Laboratory 1,2020-07-29,1889
Laboratory 1,2020-07-30,2018
Laboratory 1,2020-07-31,1971
Laboratory 1,2020-08-01,1716
Laboratory 1,2020-08-02,1527
Laboratory 1,2020-08-03,2058
Laboratory 1,2020-08-04,1506
Laboratory 1,2020-08-05,1681
Laboratory 1,2020-08-06,1773
Laboratory 1,2020-08-07,1940
Laboratory 1,2020-08-08,1544
Laboratory 1,2020-08-09,1873
Laboratory 1,2020-08-10,2081
Laboratory 1,2020-08-11,2196
Laboratory 1,2020-08-12,2097
Laboratory 1,2020-08-13,1926
Laboratory 1,2020-08-14,1597
Laboratory 1,2020-08-15,1393
Laboratory 1,2020-08-16,1341
Laboratory 1,2020-08-17,1974
Laboratory 1,2020-08-18,1939
Laboratory 1,2020-08-19,1734
Laboratory 1,2020-08-20,2050
Laboratory 1,2020-08-21,1708
Laboratory 1,2020-08-22,1518
Laboratory 1,2020-08-23,1440
Laboratory 1,2020-08-24,2049
Laboratory 1,2020-08-25,2113
Laboratory 1,2020-08-26,2025
Laboratory 1,2020-08-27,1703
Laboratory 1,2020-08-28,1808
Laboratory 1,2020-08-29,1491
Laboratory 1,2020-08-30,1234
Laboratory 1,2020-08-31,2066
Laboratory 1,2020-09-01,1868
Laboratory 1,2020-09-02,1914
Laboratory 1,2020-09-03,1698
Laboratory 1,2020-09-04,1651
Laboratory 1,2020-09-05,1616
Laboratory 1,2020-09-06,1222
Laboratory 1,2020-09-07,1474
Laboratory 1,2020-09-08,2066
Laboratory 1,2020-09-09,2006
Laboratory 1,2020-09-10,2034
Laboratory 1,2020-09-11,1856
Laboratory 1,2020-09-12,1535
Laboratory 1,2020-09-13,1521
Laboratory 1,2020-09-14,2047
Laboratory 1,2020-09-15,1803
Laboratory 1,2020-09-16,1849
Laboratory 1,2020-09-17,1887
Laboratory 1,2020-09-18,1708
Laboratory 1,2020-09-19,1472
Laboratory 1,2020-09-20,1607
Laboratory 1,2020-09-21,2043
Laboratory 1,2020-09-22,2102
Laboratory 1,2020-09-23,1834
Laboratory 1,2020-09-24,1931
Laboratory 1,2020-09-25,2130
Laboratory 1,2020-09-26,1646
Laboratory 1,2020-09-27,1736
Laboratory 1,2020-09-28,2048
Laboratory 1,2020-09-29,2191
Laboratory 1,2020-09-30,1932
Laboratory 2,2020-01-01,13146
Laboratory 2,2020-01-02,29908
Laboratory 2,2020-01-03,30082
Laboratory 2,2020-01-04,14923
Laboratory 2,2020-01-05,13265
Laboratory 2,2020-01-06,32859
Laboratory 2,2020-01-07,35079
Laboratory 2,2020-01-08,33108
Laboratory 2,2020-01-09,31795
Laboratory 2,2020-01-10,29487
Laboratory 2,2020-01-11,15281
Laboratory 2,2020-01-12,14135
Laboratory 2,2020-01-13,32944
Laboratory 2,2020-01-14,33870
Laboratory 2,2020-01-15,33421
Laboratory 2,2020-01-16,31811
Laboratory 2,2020-01-17,29225
Laboratory 2,2020-01-18,15941
Laboratory 2,2020-01-19,14584
Laboratory 2,2020-01-20,15007
Laboratory 2,2020-01-21,32428
Laboratory 2,2020-01-22,33936
Laboratory 2,2020-01-23,31017
Laboratory 2,2020-01-24,29447
Laboratory 2,2020-01-25,15752
Laboratory 2,2020-01-26,13961
Laboratory 2,2020-01-27,31521
Laboratory 2,2020-01-28,32228
Laboratory 2,2020-01-29,32260
Laboratory 2,2020-01-30,30395
Laboratory 2,2020-01-31,28284
Laboratory 2,2020-02-01,16685
Laboratory 2,2020-02-02,15527
Laboratory 2,2020-02-03,27734
Laboratory 2,2020-02-04,30646
Laboratory 2,2020-02-05,32289
Laboratory 2,2020-02-06,30781
Laboratory 2,2020-02-07,27949
Laboratory 2,2020-02-08,15338
Laboratory 2,2020-02-09,14408
Laboratory 2,2020-02-10,30699
Laboratory 2,2020-02-11,32082
Laboratory 2,2020-02-12,30762
Laboratory 2,2020-02-13,30438
Laboratory 2,2020-02-14,26365
Laboratory 2,2020-02-15,14950
Laboratory 2,2020-02-16,14871
Laboratory 2,2020-02-17,14546
Laboratory 2,2020-02-18,32498
Laboratory 2,2020-02-19,32664
Laboratory 2,2020-02-20,31637
Laboratory 2,2020-02-21,28812
Laboratory 2,2020-02-22,15708
Laboratory 2,2020-02-23,15415
Laboratory 2,2020-02-24,33349
Laboratory 2,2020-02-25,32732
Laboratory 2,2020-02-26,31550
Laboratory 2,2020-02-27,32152
Laboratory 2,2020-02-28,28789
Laboratory 2,2020-02-29,16067
Laboratory 2,2020-03-01,15083
Laboratory 2,2020-03-02,30758
Laboratory 2,2020-03-03,31722
Laboratory 2,2020-03-04,32520
Laboratory 2,2020-03-05,30970
Laboratory 2,2020-03-06,27676
Laboratory 2,2020-03-07,14714
Laboratory 2,2020-03-08,14588
Laboratory 2,2020-03-09,30344
Laboratory 2,2020-03-10,31306
Laboratory 2,2020-03-11,30608
Laboratory 2,2020-03-12,28602
Laboratory 2,2020-03-13,23744
Laboratory 2,2020-03-14,14255
Laboratory 2,2020-03-15,13118
Laboratory 2,2020-03-16,23148
Laboratory 2,2020-03-17,21434
Laboratory 2,2020-03-18,20479
Laboratory 2,2020-03-19,18651
Laboratory 2,2020-03-20,18555
Laboratory 2,2020-03-21,13372
Laboratory 2,2020-03-22,13965
Laboratory 2,2020-03-23,18958
Laboratory 2,2020-03-24,17936
Laboratory 2,2020-03-25,19719
Laboratory 2,2020-03-26,19446
Laboratory 2,2020-03-27,19624
Laboratory 2,2020-03-28,16632
Laboratory 2,2020-03-29,17646
Laboratory 2,2020-03-30,20753
Laboratory 2,2020-03-31,21060
Laboratory 2,2020-04-01,22238
Laboratory 2,2020-04-02,22629
Laboratory 2,2020-04-03,23277
Laboratory 2,2020-04-04,20515
Laboratory 2,2020-04-05,19863
Laboratory 2,2020-04-06,26024
Laboratory 2,2020-04-07,27062
Laboratory 2,2020-04-08,27227
Laboratory 2,2020-04-09,27003
Laboratory 2,2020-04-10,25017
Laboratory 2,2020-04-11,21716
Laboratory 2,2020-04-12,22876
Laboratory 2,2020-04-13,27021
Laboratory 2,2020-04-14,27300
Laboratory 2,2020-04-15,26571
Laboratory 2,2020-04-16,26109
Laboratory 2,2020-04-17,23955
Laboratory 2,2020-04-18,21403
Laboratory 2,2020-04-19,20531
Laboratory 2,2020-04-20,26378
Laboratory 2,2020-04-21,24733
Laboratory 2,2020-04-22,25597
Laboratory 2,2020-04-23,24706
Laboratory 2,2020-04-24,24341
Laboratory 2,2020-04-25,19169
Laboratory 2,2020-04-26,19949
Laboratory 2,2020-04-27,24319
Laboratory 2,2020-04-28,24485
Laboratory 2,2020-04-29,24239
Laboratory 2,2020-04-30,24223
Laboratory 2,2020-05-01,22697
Laboratory 2,2020-05-02,18080
Laboratory 2,2020-05-03,17402
Laboratory 2,2020-05-04,23955
Laboratory 2,2020-05-05,21833
Laboratory 2,2020-05-06,22356
Laboratory 2,2020-05-07,22377
Laboratory 2,2020-05-08,21247
Laboratory 2,2020-05-09,15743
Laboratory 2,2020-05-10,15525
Laboratory 2,2020-05-11,21656
Laboratory 2,2020-05-12,21830
Laboratory 2,2020-05-13,21561
Laboratory 2,2020-05-14,21564
Laboratory 2,2020-05-15,21126
Laboratory 2,2020-05-16,14649
Laboratory 2,2020-05-17,14920
Laboratory 2,2020-05-18,23519
Laboratory 2,2020-05-19,22224
Laboratory 2,2020-05-20,23563
Laboratory 2,2020-05-21,21384
Laboratory 2,2020-05-22,21911
Laboratory 2,2020-05-23,14607
Laboratory 2,2020-05-24,13845
Laboratory 2,2020-05-25,14186
Laboratory 2,2020-05-26,24257
Laboratory 2,2020-05-27,24804
Laboratory 2,2020-05-28,23305
Laboratory 2,2020-05-29,22224
Laboratory 2,2020-05-30,14244
Laboratory 2,2020-05-31,13533
Laboratory 2,2020-06-01,24565
Laboratory 2,2020-06-02,23765
Laboratory 2,2020-06-03,25987
Laboratory 2,2020-06-04,24272
Laboratory 2,2020-06-05,23277
Laboratory 2,2020-06-06,14353
Laboratory 2,2020-06-07,14296
Laboratory 2,2020-06-08,25047
Laboratory 2,2020-06-09,26216
Laboratory 2,2020-06-10,25968
Laboratory 2,2020-06-11,25155
Laboratory 2,2020-06-12,23006
Laboratory 2,2020-06-13,14511
Laboratory 2,2020-06-14,13283
Laboratory 2,2020-06-15,25166
Laboratory 2,2020-06-16,25111
Laboratory 2,2020-06-17,25823
Laboratory 2,2020-06-18,25524
Laboratory 2,2020-06-19,22844
Laboratory 2,2020-06-20,13760
Laboratory 2,2020-06-21,13046
Laboratory 2,2020-06-22,25567
Laboratory 2,2020-06-23,26799
Laboratory 2,2020-06-24,26150
Laboratory 2,2020-06-25,25666
Laboratory 2,2020-06-26,23190
Laboratory 2,2020-06-27,14425
Laboratory 2,2020-06-28,14088
Laboratory 2,2020-06-29,26353
Laboratory 2,2020-06-30,28170
Laboratory 2,2020-07-01,27201
Laboratory 2,2020-07-02,25848
Laboratory 2,2020-07-03,14737
Laboratory 2,2020-07-04,12549
Laboratory 2,2020-07-05,12443
Laboratory 2,2020-07-06,27239
Laboratory 2,2020-07-07,27206
Laboratory 2,2020-07-08,28060
Laboratory 2,2020-07-09,26320
Laboratory 2,2020-07-10,23997
Laboratory 2,2020-07-11,14757
Laboratory 2,2020-07-12,13782
Laboratory 2,2020-07-13,28277
Laboratory 2,2020-07-14,27979
Laboratory 2,2020-07-15,29805
Laboratory 2,2020-07-16,27793
Laboratory 2,2020-07-17,25883
Laboratory 2,2020-07-18,14842
Laboratory 2,2020-07-19,13530
Laboratory 2,2020-07-20,28045
Laboratory 2,2020-07-21,28514
Laboratory 2,2020-07-22,29586
Laboratory 2,2020-07-23,27968
Laboratory 2,2020-07-24,26220
Laboratory 2,2020-07-25,14387
Laboratory 2,2020-07-26,13307
Laboratory 2,2020-07-27,30011
Laboratory 2,2020-07-28,28694
Laboratory 2,2020-07-29,29790
Laboratory 2,2020-07-30,28599
Laboratory 2,2020-07-31,25242
Laboratory 2,2020-08-01,14841
Laboratory 2,2020-08-02,14792
Laboratory 2,2020-08-03,29378
Laboratory 2,2020-08-04,26712
Laboratory 2,2020-08-05,28908
Laboratory 2,2020-08-06,29479
Laboratory 2,2020-08-07,27070
Laboratory 2,2020-08-08,15987
Laboratory 2,2020-08-09,14626
Laboratory 2,2020-08-10,31417
Laboratory 2,2020-08-11,29921
Laboratory 2,2020-08-12,31359
Laboratory 2,2020-08-13,29448
Laboratory 2,2020-08-14,26589
Laboratory 2,2020-08-15,15152
Laboratory 2,2020-08-16,14354
Laboratory 2,2020-08-17,30100
Laboratory 2,2020-08-18,29658
Laboratory 2,2020-08-19,31048
Laboratory 2,2020-08-20,30089
Laboratory 2,2020-08-21,27039
Laboratory 2,2020-08-22,15689
Laboratory 2,2020-08-23,13655
Laboratory 2,2020-08-24,30598
Laboratory 2,2020-08-25,28721
Laboratory 2,2020-08-26,29759
Laboratory 2,2020-08-27,28944
Laboratory 2,2020-08-28,26691
Laboratory 2,2020-08-29,15362
Laboratory 2,2020-08-30,14033
Laboratory 2,2020-08-31,29807
Laboratory 2,2020-09-01,29751
Laboratory 2,2020-09-02,31074
Laboratory 2,2020-09-03,29898
Laboratory 2,2020-09-04,28126
Laboratory 2,2020-09-05,16440
Laboratory 2,2020-09-06,14549
Laboratory 2,2020-09-07,14475
Laboratory 2,2020-09-08,31679
Laboratory 2,2020-09-09,31514
Laboratory 2,2020-09-10,30798
Laboratory 2,2020-09-11,28405
Laboratory 2,2020-09-12,16307
Laboratory 2,2020-09-13,14734
Laboratory 2,2020-09-14,32438
Laboratory 2,2020-09-15,31074
Laboratory 2,2020-09-16,31948
Laboratory 2,2020-09-17,30656
Laboratory 2,2020-09-18,27075
Laboratory 2,2020-09-19,14839
Laboratory 2,2020-09-20,13931
Laboratory 2,2020-09-21,30246
Laboratory 2,2020-09-22,29341
Laboratory 2,2020-09-23,31231
Laboratory 2,2020-09-24,30077
Laboratory 2,2020-09-25,27265
Laboratory 2,2020-09-26,15132
Laboratory 2,2020-09-27,13896
Laboratory 2,2020-09-28,28813
Laboratory 2,2020-09-29,30521
Laboratory 2,2020-09-30,31690
Laboratory 3,2020-01-01,1238
Laboratory 3,2020-01-02,1689
Laboratory 3,2020-01-03,1854
Laboratory 3,2020-01-04,1469
Laboratory 3,2020-01-05,1359
Laboratory 3,2020-01-06,2078
Laboratory 3,2020-01-07,2305
Laboratory 3,2020-01-08,2214
Laboratory 3,2020-01-09,1936
Laboratory 3,2020-01-10,1854
Laboratory 3,2020-01-11,1524
Laboratory 3,2020-01-12,1423
Laboratory 3,2020-01-13,2120
Laboratory 3,2020-01-14,1945
Laboratory 3,2020-01-15,2142
Laboratory 3,2020-01-16,1705
Laboratory 3,2020-01-17,1879
Laboratory 3,2020-01-18,1611
Laboratory 3,2020-01-19,1550
Laboratory 3,2020-01-20,1614
Laboratory 3,2020-01-21,1731
Laboratory 3,2020-01-22,1679
Laboratory 3,2020-01-23,1961
Laboratory 3,2020-01-24,1975
Laboratory 3,2020-01-25,1467
Laboratory 3,2020-01-26,1508
Laboratory 3,2020-01-27,1831
Laboratory 3,2020-01-28,2005
Laboratory 3,2020-01-29,1910
Laboratory 3,2020-01-30,1572
Laboratory 3,2020-01-31,1431
Laboratory 3,2020-02-01,1448
Laboratory 3,2020-02-02,1553
Laboratory 3,2020-02-03,1957
Laboratory 3,2020-02-04,1895
Laboratory 3,2020-02-05,1981
Laboratory 3,2020-02-06,1998
Laboratory 3,2020-02-07,1964
Laboratory 3,2020-02-08,1602
Laboratory 3,2020-02-09,1307
Laboratory 3,2020-02-10,2098
Laboratory 3,2020-02-11,1974
Laboratory 3,2020-02-12,1748
Laboratory 3,2020-02-13,1919
Laboratory 3,2020-02-14,1771
Laboratory 3,2020-02-15,1349
Laboratory 3,2020-02-16,1530
Laboratory 3,2020-02-17,1369
Laboratory 3,2020-02-18,1979
Laboratory 3,2020-02-19,1784
Laboratory 3,2020-02-20,1535
Laboratory 3,2020-02-21,1422
Laboratory 3,2020-02-22,1328
Laboratory 3,2020-02-23,1315
Laboratory 3,2020-02-24,1839
Laboratory 3,2020-02-25,1971
Laboratory 3,2020-02-26,1727
Laboratory 3,2020-02-27,1680
Laboratory 3,2020-02-28,1797
Laboratory 3,2020-02-29,1414
Laboratory 3,2020-03-01,1485
Laboratory 3,2020-03-02,1670
Laboratory 3,2020-03-03,1836
Laboratory 3,2020-03-04,1726
Laboratory 3,2020-03-05,1655
Laboratory 3,2020-03-06,1749
Laboratory 3,2020-03-07,1284
Laboratory 3,2020-03-08,1067
Laboratory 3,2020-03-09,1708
Laboratory 3,2020-03-10,1979
Laboratory 3,2020-03-11,1924
Laboratory 3,2020-03-12,1618
Laboratory 3,2020-03-13,1566
Laboratory 3,2020-03-14,1198
Laboratory 3,2020-03-15,1209
Laboratory 3,2020-03-16,1342
Laboratory 3,2020-03-17,1505
Laboratory 3,2020-03-18,1531
Laboratory 3,2020-03-19,1465
Laboratory 3,2020-03-20,1642
Laboratory 3,2020-03-21,1348
Laboratory 3,2020-03-22,1315
Laboratory 3,2020-03-23,1887
Laboratory 3,2020-03-24,1721
Laboratory 3,2020-03-25,1960
Laboratory 3,2020-03-26,1796
Laboratory 3,2020-03-27,1549
Laboratory 3,2020-03-28,1526
Laboratory 3,2020-03-29,1597
Laboratory 3,2020-03-30,1958
Laboratory 3,2020-03-31,1915
Laboratory 3,2020-04-01,1878
Laboratory 3,2020-04-02,1915
Laboratory 3,2020-04-03,2109
Laboratory 3,2020-04-04,1605
Laboratory 3,2020-04-05,1670
Laboratory 3,2020-04-06,2206
Laboratory 3,2020-04-07,2433
Laboratory 3,2020-04-08,2158
Laboratory 3,2020-04-09,1951
Laboratory 3,2020-04-10,1916
Laboratory 3,2020-04-11,1956
Laboratory 3,2020-04-12,1925
Laboratory 3,2020-04-13,2118
Laboratory 3,2020-04-14,1635
Laboratory 3,2020-04-15,1926
Laboratory 3,2020-04-16,1748
Laboratory 3,2020-04-17,1692
Laboratory 3,2020-04-18,1483
Laboratory 3,2020-04-19,1423
Laboratory 3,2020-04-20,1503
Laboratory 3,2020-04-21,1743
Laboratory 3,2020-04-22,1307
Laboratory 3,2020-04-23,1395
Laboratory 3,2020-04-24,1548
Laboratory 3,2020-04-25,1265
Laboratory 3,2020-04-26,1338
Laboratory 3,2020-04-27,1292
Laboratory 3,2020-04-28,1470
Laboratory 3,2020-04-29,1524
Laboratory 3,2020-04-30,1398
Laboratory 3,2020-05-01,1434
Laboratory 3,2020-05-02,1184
Laboratory 3,2020-05-03,1171
Laboratory 3,2020-05-04,1551
Laboratory 3,2020-05-05,1442
Laboratory 3,2020-05-06,1347
Laboratory 3,2020-05-07,1310
Laboratory 3,2020-05-08,1211
Laboratory 3,2020-05-09,1014
Laboratory 3,2020-05-10,1053
Laboratory 3,2020-05-11,1431
Laboratory 3,2020-05-12,1536
Laboratory 3,2020-05-13,1520
Laboratory 3,2020-05-14,1185
Laboratory 3,2020-05-15,1393
Laboratory 3,2020-05-16,1189
Laboratory 3,2020-05-17,896
Laboratory 3,2020-05-18,1141
Laboratory 3,2020-05-19,1278
Laboratory 3,2020-05-20,1590
Laboratory 3,2020-05-21,1197
Laboratory 3,2020-05-22,1135
Laboratory 3,2020-05-23,866
Laboratory 3,2020-05-24,851
Laboratory 3,2020-05-25,867
Laboratory 3,2020-05-26,1239
Laboratory 3,2020-05-27,1051
Laboratory 3,2020-05-28,1247
Laboratory 3,2020-05-29,1120
Laboratory 3,2020-05-30,1041
Laboratory 3,2020-05-31,1165
Laboratory 3,2020-06-01,1486
Laboratory 3,2020-06-02,1476
Laboratory 3,2020-06-03,1375
Laboratory 3,2020-06-04,1450
Laboratory 3,2020-06-05,1207
Laboratory 3,2020-06-06,901
Laboratory 3,2020-06-07,912
Laboratory 3,2020-06-08,987
Laboratory 3,2020-06-09,1321
Laboratory 3,2020-06-10,1190
Laboratory 3,2020-06-11,1243
Laboratory 3,2020-06-12,1277
Laboratory 3,2020-06-13,1309
Laboratory 3,2020-06-14,1163
Laboratory 3,2020-06-15,1189
Laboratory 3,2020-06-16,1427
Laboratory 3,2020-06-17,1387
Laboratory 3,2020-06-18,1331
Laboratory 3,2020-06-19,1323
Laboratory 3,2020-06-20,1090
Laboratory 3,2020-06-21,925
Laboratory 3,2020-06-22,1469
Laboratory 3,2020-06-23,1386
Laboratory 3,2020-06-24,1297
Laboratory 3,2020-06-25,1579
Laboratory 3,2020-06-26,1270
Laboratory 3,2020-06-27,1390
Laboratory 3,2020-06-28,1222
Laboratory 3,2020-06-29,1317
Laboratory 3,2020-06-30,1225
Laboratory 3,2020-07-01,1378
Laboratory 3,2020-07-02,1233
Laboratory 3,2020-07-03,1020
Laboratory 3,2020-07-04,1017
Laboratory 3,2020-07-05,811
Laboratory 3,2020-07-06,1317
Laboratory 3,2020-07-07,1453
Laboratory 3,2020-07-08,1249
Laboratory 3,2020-07-09,1274
Laboratory 3,2020-07-10,1279
Laboratory 3,2020-07-11,1314
Laboratory 3,2020-07-12,1294
Laboratory 3,2020-07-13,1579
Laboratory 3,2020-07-14,1403
Laboratory 3,2020-07-15,1280
Laboratory 3,2020-07-16,1691
Laboratory 3,2020-07-17,1428
Laboratory 3,2020-07-18,1224
Laboratory 3,2020-07-19,933
Laboratory 3,2020-07-20,1284
Laboratory 3,2020-07-21,1270
Laboratory 3,2020-07-22,1314
Laboratory 3,2020-07-23,1369
Laboratory 3,2020-07-24,1340
Laboratory 3,2020-07-25,1073
Laboratory 3,2020-07-26,1082
Laboratory 3,2020-07-27,1601
Laboratory 3,2020-07-28,1337
Laboratory 3,2020-07-29,1338
Laboratory 3,2020-07-30,1524
Laboratory 3,2020-07-31,1470
Laboratory 3,2020-08-01,1189
Laboratory 3,2020-08-02,1149
Laboratory 3,2020-08-03,1463
Laboratory 3,2020-08-04,1520
Laboratory 3,2020-08-05,1463
Laboratory 3,2020-08-06,1554
Laboratory 3,2020-08-07,1569
Laboratory 3,2020-08-08,1354
Laboratory 3,2020-08-09,1269
Laboratory 3,2020-08-10,1647
Laboratory 3,2020-08-11,1726
Laboratory 3,2020-08-12,1396
Laboratory 3,2020-08-13,1505
Laboratory 3,2020-08-14,1283
Laboratory 3,2020-08-15,1224
Laboratory 3,2020-08-16,956
Laboratory 3,2020-08-17,1443
Laboratory 3,2020-08-18,1442
Laboratory 3,2020-08-19,1443
Laboratory 3,2020-08-20,1340
Laboratory 3,2020-08-21,1474
Laboratory 3,2020-08-22,1400
Laboratory 3,2020-08-23,983
Laboratory 3,2020-08-24,1374
Laboratory 3,2020-08-25,1421
Laboratory 3,2020-08-26,1349
Laboratory 3,2020-08-27,1361
Laboratory 3,2020-08-28,1236
Laboratory 3,2020-08-29,949
Laboratory 3,2020-08-30,984
Laboratory 3,2020-08-31,1089
Laboratory 3,2020-09-01,1151
Laboratory 3,2020-09-02,1442
Laboratory 3,2020-09-03,1377
Laboratory 3,2020-09-04,1571
Laboratory 3,2020-09-05,1167
Laboratory 3,2020-09-06,1190
Laboratory 3,2020-09-07,1113
Laboratory 3,2020-09-08,1542
Laboratory 3,2020-09-09,1452
Laboratory 3,2020-09-10,1476
Laboratory 3,2020-09-11,1477
Laboratory 3,2020-09-12,1311
Laboratory 3,2020-09-13,1176
Laboratory 3,2020-09-14,1542
Laboratory 3,2020-09-15,1559
Laboratory 3,2020-09-16,1594
Laboratory 3,2020-09-17,1640
Laboratory 3,2020-09-18,1757
Laboratory 3,2020-09-19,1516
Laboratory 3,2020-09-20,1365
Laboratory 3,2020-09-21,1440
Laboratory 3,2020-09-22,1485
Laboratory 3,2020-09-23,1800
Laboratory 3,2020-09-24,1637
Laboratory 3,2020-09-25,1441
Laboratory 3,2020-09-26,1292
Laboratory 3,2020-09-27,1116
Laboratory 3,2020-09-28,1356
Laboratory 3,2020-09-29,1636
Laboratory 3,2020-09-30,1460
Laboratory 4,2020-01-01,5851
Laboratory 4,2020-01-02,9535
Laboratory 4,2020-01-03,11107
Laboratory 4,2020-01-04,8608
Laboratory 4,2020-01-05,5816
Laboratory 4,2020-01-06,10070
Laboratory 4,2020-01-07,11863
Laboratory 4,2020-01-08,11278
Laboratory 4,2020-01-09,10638
Laboratory 4,2020-01-10,10501
Laboratory 4,2020-01-11,7852
Laboratory 4,2020-01-12,5906
Laboratory 4,2020-01-13,10147
Laboratory 4,2020-01-14,11149
Laboratory 4,2020-01-15,11309
Laboratory 4,2020-01-16,10846
Laboratory 4,2020-01-17,9724
Laboratory 4,2020-01-18,7445
Laboratory 4,2020-01-19,6070
Laboratory 4,2020-01-20,7417
Laboratory 4,2020-01-21,10277
Laboratory 4,2020-01-22,10644
Laboratory 4,2020-01-23,10868
Laboratory 4,2020-01-24,9972
Laboratory 4,2020-01-25,6939
Laboratory 4,2020-01-26,5659
Laboratory 4,2020-01-27,10623
Laboratory 4,2020-01-28,11368
Laboratory 4,2020-01-29,10908
Laboratory 4,2020-01-30,10819
Laboratory 4,2020-01-31,10727
Laboratory 4,2020-02-01,8487
Laboratory 4,2020-02-02,5389
Laboratory 4,2020-02-03,9546
Laboratory 4,2020-02-04,10179
Laboratory 4,2020-02-05,11069
Laboratory 4,2020-02-06,10130
Laboratory 4,2020-02-07,10418
Laboratory 4,2020-02-08,6738
Laboratory 4,2020-02-09,5542
Laboratory 4,2020-02-10,9764
Laboratory 4,2020-02-11,10140
Laboratory 4,2020-02-12,10405
Laboratory 4,2020-02-13,9824
Laboratory 4,2020-02-14,9390
Laboratory 4,2020-02-15,6695
Laboratory 4,2020-02-16,5050
Laboratory 4,2020-02-17,6354
Laboratory 4,2020-02-18,9730
Laboratory 4,2020-02-19,10027
Laboratory 4,2020-02-20,9093
Laboratory 4,2020-02-21,9200
Laboratory 4,2020-02-22,6621
Laboratory 4,2020-02-23,5711
Laboratory 4,2020-02-24,9860
Laboratory 4,2020-02-25,10104
Laboratory 4,2020-02-26,10676
Laboratory 4,2020-02-27,10023
Laboratory 4,2020-02-28,9987
Laboratory 4,2020-02-29,7769
Laboratory 4,2020-03-01,5229
Laboratory 4,2020-03-02,10002
Laboratory 4,2020-03-03,10331
Laboratory 4,2020-03-04,10121
Laboratory 4,2020-03-05,9533
Laboratory 4,2020-03-06,9106
Laboratory 4,2020-03-07,6061
Laboratory 4,2020-03-08,4960
Laboratory 4,2020-03-09,9811
Laboratory 4,2020-03-10,9819
Laboratory 4,2020-03-11,10135
Laboratory 4,2020-03-12,8964
Laboratory 4,2020-03-13,8783
Laboratory 4,2020-03-14,6609
Laboratory 4,2020-03-15,5239
Laboratory 4,2020-03-16,7528
Laboratory 4,2020-03-17,6771
Laboratory 4,2020-03-18,7086
Laboratory 4,2020-03-19,6480
Laboratory 4,2020-03-20,7107
Laboratory 4,2020-03-21,6208
Laboratory 4,2020-03-22,5624
Laboratory 4,2020-03-23,6937
Laboratory 4,2020-03-24,7467
Laboratory 4,2020-03-25,7357
Laboratory 4,2020-03-26,7292
Laboratory 4,2020-03-27,7782
Laboratory 4,2020-03-28,7340
Laboratory 4,2020-03-29,5992
Laboratory 4,2020-03-30,7426
Laboratory 4,2020-03-31,8071
Laboratory 4,2020-04-01,8187
Laboratory 4,2020-04-02,7910
Laboratory 4,2020-04-03,8578
Laboratory 4,2020-04-04,7612
Laboratory 4,2020-04-05,7987
Laboratory 4,2020-04-06,8893
Laboratory 4,2020-04-07,9606
Laboratory 4,2020-04-08,9723
Laboratory 4,2020-04-09,9621
Laboratory 4,2020-04-10,9777
Laboratory 4,2020-04-11,8622
Laboratory 4,2020-04-12,7772
Laboratory 4,2020-04-13,9175
Laboratory 4,2020-04-14,9407
Laboratory 4,2020-04-15,9244
Laboratory 4,2020-04-16,8687
Laboratory 4,2020-04-17,8467
Laboratory 4,2020-04-18,7279
Laboratory 4,2020-04-19,6431
Laboratory 4,2020-04-20,8620
Laboratory 4,2020-04-21,8166
Laboratory 4,2020-04-22,7778
Laboratory 4,2020-04-23,7980
Laboratory 4,2020-04-24,7861
Laboratory 4,2020-04-25,7282
Laboratory 4,2020-04-26,6649
Laboratory 4,2020-04-27,8180
Laboratory 4,2020-04-28,7742
Laboratory 4,2020-04-29,7568
Laboratory 4,2020-04-30,7265
Laboratory 4,2020-05-01,8619
Laboratory 4,2020-05-02,6894
Laboratory 4,2020-05-03,5538
Laboratory 4,2020-05-04,7853
Laboratory 4,2020-05-05,7220
Laboratory 4,2020-05-06,7256
Laboratory 4,2020-05-07,6778
Laboratory 4,2020-05-08,6383
Laboratory 4,2020-05-09,5304
Laboratory 4,2020-05-10,4591
Laboratory 4,2020-05-11,6829
Laboratory 4,2020-05-12,6068
Laboratory 4,2020-05-13,6461
Laboratory 4,2020-05-14,6624
Laboratory 4,2020-05-15,7092
Laboratory 4,2020-05-16,5676
Laboratory 4,2020-05-17,4391
Laboratory 4,2020-05-18,6749
Laboratory 4,2020-05-19,6142
Laboratory 4,2020-05-20,6431
Laboratory 4,2020-05-21,6396
Laboratory 4,2020-05-22,6699
Laboratory 4,2020-05-23,5246
Laboratory 4,2020-05-24,4365
Laboratory 4,2020-05-25,4872
Laboratory 4,2020-05-26,6901
Laboratory 4,2020-05-27,6784
Laboratory 4,2020-05-28,6785
Laboratory 4,2020-05-29,7432
Laboratory 4,2020-05-30,6304
Laboratory 4,2020-05-31,4171
Laboratory 4,2020-06-01,6968
Laboratory 4,2020-06-02,6742
Laboratory 4,2020-06-03,6675
Laboratory 4,2020-06-04,6650
Laboratory 4,2020-06-05,6647
Laboratory 4,2020-06-06,4880
Laboratory 4,2020-06-07,4414
Laboratory 4,2020-06-08,7224
Laboratory 4,2020-06-09,7411
Laboratory 4,2020-06-10,7676
Laboratory 4,2020-06-11,6660
Laboratory 4,2020-06-12,7578
Laboratory 4,2020-06-13,5423
Laboratory 4,2020-06-14,4477
Laboratory 4,2020-06-15,7343
Laboratory 4,2020-06-16,7595
Laboratory 4,2020-06-17,7938
Laboratory 4,2020-06-18,7641
Laboratory 4,2020-06-19,7459
Laboratory 4,2020-06-20,5117
Laboratory 4,2020-06-21,5055
Laboratory 4,2020-06-22,8337
Laboratory 4,2020-06-23,8217
Laboratory 4,2020-06-24,7881
Laboratory 4,2020-06-25,7732
Laboratory 4,2020-06-26,8898
Laboratory 4,2020-06-27,6510
Laboratory 4,2020-06-28,4963
Laboratory 4,2020-06-29,7570
Laboratory 4,2020-06-30,8080
Laboratory 4,2020-07-01,8379
Laboratory 4,2020-07-02,7885
Laboratory 4,2020-07-03,5234
Laboratory 4,2020-07-04,4946
Laboratory 4,2020-07-05,4650
Laboratory 4,2020-07-06,8853
Laboratory 4,2020-07-07,8880
Laboratory 4,2020-07-08,8967
Laboratory 4,2020-07-09,8220
Laboratory 4,2020-07-10,8381
Laboratory 4,2020-07-11,5547
Laboratory 4,2020-07-12,5051
Laboratory 4,2020-07-13,8770
Laboratory 4,2020-07-14,9315
Laboratory 4,2020-07-15,9479
Laboratory 4,2020-07-16,9371
Laboratory 4,2020-07-17,9823
Laboratory 4,2020-07-18,6500
Laboratory 4,2020-07-19,5518
Laboratory 4,2020-07-20,9561
Laboratory 4,2020-07-21,9313
Laboratory 4,2020-07-22,9077
Laboratory 4,2020-07-23,8758
Laboratory 4,2020-07-24,8696
Laboratory 4,2020-07-25,6319
Laboratory 4,2020-07-26,4913
Laboratory 4,2020-07-27,8773
Laboratory 4,2020-07-28,9600
Laboratory 4,2020-07-29,9103
Laboratory 4,2020-07-30,8331
Laboratory 4,2020-07-31,9451
Laboratory 4,2020-08-01,7284
Laboratory 4,2020-08-02,5063
Laboratory 4,2020-08-03,9097
Laboratory 4,2020-08-04,9172
Laboratory 4,2020-08-05,9076
Laboratory 4,2020-08-06,9215
Laboratory 4,2020-08-07,8583
Laboratory 4,2020-08-08,5489
Laboratory 4,2020-08-09,4938
Laboratory 4,2020-08-10,8600
Laboratory 4,2020-08-11,9244
Laboratory 4,2020-08-12,9136
Laboratory 4,2020-08-13,8969
Laboratory 4,2020-08-14,9378
Laboratory 4,2020-08-15,6306
Laboratory 4,2020-08-16,4748
Laboratory 4,2020-08-17,8791
Laboratory 4,2020-08-18,9344
Laboratory 4,2020-08-19,8772
Laboratory 4,2020-08-20,8819
Laboratory 4,2020-08-21,9128
Laboratory 4,2020-08-22,5928
Laboratory 4,2020-08-23,5210
Laboratory 4,2020-08-24,8775
Laboratory 4,2020-08-25,8628
Laboratory 4,2020-08-26,9125
Laboratory 4,2020-08-27,8648
Laboratory 4,2020-08-28,10016
Laboratory 4,2020-08-29,6963
Laboratory 4,2020-08-30,4858
Laboratory 4,2020-08-31,8934
Laboratory 4,2020-09-01,9234
Laboratory 4,2020-09-02,9508
Laboratory 4,2020-09-03,8987
Laboratory 4,2020-09-04,9040
Laboratory 4,2020-09-05,6429
Laboratory 4,2020-09-06,5233
Laboratory 4,2020-09-07,5102
Laboratory 4,2020-09-08,8921
Laboratory 4,2020-09-09,9329
Laboratory 4,2020-09-10,9372
Laboratory 4,2020-09-11,8853
Laboratory 4,2020-09-12,5983
Laboratory 4,2020-09-13,4761
Laboratory 4,2020-09-14,8601
Laboratory 4,2020-09-15,9211
Laboratory 4,2020-09-16,9138
Laboratory 4,2020-09-17,8808
Laboratory 4,2020-09-18,8610
Laboratory 4,2020-09-19,5661
Laboratory 4,2020-09-20,5059
Laboratory 4,2020-09-21,9143
Laboratory 4,2020-09-22,9462
Laboratory 4,2020-09-23,9754
Laboratory 4,2020-09-24,9893
Laboratory 4,2020-09-25,9771
Laboratory 4,2020-09-26,6782
Laboratory 4,2020-09-27,5154
Laboratory 4,2020-09-28,9428
Laboratory 4,2020-09-29,10223
Laboratory 4,2020-09-30,10441
Laboratory 5,2020-01-01,8588
Laboratory 5,2020-01-02,24705
Laboratory 5,2020-01-03,23834
Laboratory 5,2020-01-04,8933
Laboratory 5,2020-01-05,9048
Laboratory 5,2020-01-06,29667
Laboratory 5,2020-01-07,29780
Laboratory 5,2020-01-08,29899
Laboratory 5,2020-01-09,28521
Laboratory 5,2020-01-10,25835
Laboratory 5,2020-01-11,10184
Laboratory 5,2020-01-12,9416
Laboratory 5,2020-01-13,28448
Laboratory 5,2020-01-14,28940
Laboratory 5,2020-01-15,27949
Laboratory 5,2020-01-16,29130
Laboratory 5,2020-01-17,24679
Laboratory 5,2020-01-18,9479
Laboratory 5,2020-01-19,7991
Laboratory 5,2020-01-20,9610
Laboratory 5,2020-01-21,29967
Laboratory 5,2020-01-22,28832
Laboratory 5,2020-01-23,27412
Laboratory 5,2020-01-24,25620
Laboratory 5,2020-01-25,10197
Laboratory 5,2020-01-26,9921
Laboratory 5,2020-01-27,28134
Laboratory 5,2020-01-28,28466
Laboratory 5,2020-01-29,28376
Laboratory 5,2020-01-30,27652
Laboratory 5,2020-01-31,25041
Laboratory 5,2020-02-01,10703
Laboratory 5,2020-02-02,9620
Laboratory 5,2020-02-03,30242
Laboratory 5,2020-02-04,30402
Laboratory 5,2020-02-05,28657
Laboratory 5,2020-02-06,27510
Laboratory 5,2020-02-07,25266
Laboratory 5,2020-02-08,10280
Laboratory 5,2020-02-09,9179
Laboratory 5,2020-02-10,28820
Laboratory 5,2020-02-11,28793
Laboratory 5,2020-02-12,28404
Laboratory 5,2020-02-13,27280
Laboratory 5,2020-02-14,24862
Laboratory 5,2020-02-15,9729
Laboratory 5,2020-02-16,8563
Laboratory 5,2020-02-17,9023
Laboratory 5,2020-02-18,26196
Laboratory 5,2020-02-19,26569
Laboratory 5,2020-02-20,25401
Laboratory 5,2020-02-21,23293
Laboratory 5,2020-02-22,9662
Laboratory 5,2020-02-23,9104
Laboratory 5,2020-02-24,26312
Laboratory 5,2020-02-25,28635
Laboratory 5,2020-02-26,28548
Laboratory 5,2020-02-27,26708
Laboratory 5,2020-02-28,23681
Laboratory 5,2020-02-29,9352
Laboratory 5,2020-03-01,9138
Laboratory 5,2020-03-02,27329
Laboratory 5,2020-03-03,28692
Laboratory 5,2020-03-04,25863
Laboratory 5,2020-03-05,25535
Laboratory 5,2020-03-06,23051
Laboratory 5,2020-03-07,8919
Laboratory 5,2020-03-08,8192
Laboratory 5,2020-03-09,26748
Laboratory 5,2020-03-10,26654
Laboratory 5,2020-03-11,25116
Laboratory 5,2020-03-12,24728
Laboratory 5,2020-03-13,19884
Laboratory 5,2020-03-14,8732
Laboratory 5,2020-03-15,8207
Laboratory 5,2020-03-16,15684
Laboratory 5,2020-03-17,14358
Laboratory 5,2020-03-18,13611
Laboratory 5,2020-03-19,13433
Laboratory 5,2020-03-20,11433
Laboratory 5,2020-03-21,8172
Laboratory 5,2020-03-22,6315
Laboratory 5,2020-03-23,12460
Laboratory 5,2020-03-24,11851
Laboratory 5,2020-03-25,11370
Laboratory 5,2020-03-26,11908
Laboratory 5,2020-03-27,10482
Laboratory 5,2020-03-28,7911
Laboratory 5,2020-03-29,8475
Laboratory 5,2020-03-30,12484
Laboratory 5,2020-03-31,13365
Laboratory 5,2020-04-01,13809
Laboratory 5,2020-04-02,14832
Laboratory 5,2020-04-03,14308
Laboratory 5,2020-04-04,11980
Laboratory 5,2020-04-05,11777
Laboratory 5,2020-04-06,15757
Laboratory 5,2020-04-07,15723
Laboratory 5,2020-04-08,15653
Laboratory 5,2020-04-09,16915
Laboratory 5,2020-04-10,15514
Laboratory 5,2020-04-11,13080
Laboratory 5,2020-04-12,13478
Laboratory 5,2020-04-13,16707
Laboratory 5,2020-04-14,16717
Laboratory 5,2020-04-15,16043
Laboratory 5,2020-04-16,17502
Laboratory 5,2020-04-17,16200
Laboratory 5,2020-04-18,13160
Laboratory 5,2020-04-19,12669
Laboratory 5,2020-04-20,16569
Laboratory 5,2020-04-21,16241
Laboratory 5,2020-04-22,16125
Laboratory 5,2020-04-23,15944
Laboratory 5,2020-04-24,14737
Laboratory 5,2020-04-25,11937
Laboratory 5,2020-04-26,11801
Laboratory 5,2020-04-27,16643
Laboratory 5,2020-04-28,15981
Laboratory 5,2020-04-29,16428
Laboratory 5,2020-04-30,16822
Laboratory 5,2020-05-01,15707
Laboratory 5,2020-05-02,10751
Laboratory 5,2020-05-03,10335
Laboratory 5,2020-05-04,16993
Laboratory 5,2020-05-05,16497
Laboratory 5,2020-05-06,15440
Laboratory 5,2020-05-07,16433
Laboratory 5,2020-05-08,14835
Laboratory 5,2020-05-09,9538
Laboratory 5,2020-05-10,9289
Laboratory 5,2020-05-11,16350
Laboratory 5,2020-05-12,15827
Laboratory 5,2020-05-13,16128
Laboratory 5,2020-05-14,16884
Laboratory 5,2020-05-15,16079
Laboratory 5,2020-05-16,9515
Laboratory 5,2020-05-17,8850
Laboratory 5,2020-05-18,18295
Laboratory 5,2020-05-19,17947
Laboratory 5,2020-05-20,18094
Laboratory 5,2020-05-21,18141
Laboratory 5,2020-05-22,15898
Laboratory 5,2020-05-23,8185
Laboratory 5,2020-05-24,8015
Laboratory 5,2020-05-25,7811
Laboratory 5,2020-05-26,18574
Laboratory 5,2020-05-27,18492
Laboratory 5,2020-05-28,18573
Laboratory 5,2020-05-29,17555
Laboratory 5,2020-05-30,9481
Laboratory 5,2020-05-31,8679
Laboratory 5,2020-06-01,20537
Laboratory 5,2020-06-02,20686
Laboratory 5,2020-06-03,18957
Laboratory 5,2020-06-04,20781
Laboratory 5,2020-06-05,18445
Laboratory 5,2020-06-06,9247
Laboratory 5,2020-06-07,7949
Laboratory 5,2020-06-08,21724
Laboratory 5,2020-06-09,21672
Laboratory 5,2020-06-10,22178
Laboratory 5,2020-06-11,21734
Laboratory 5,2020-06-12,19783
Laboratory 5,2020-06-13,9225
Laboratory 5,2020-06-14,8808
Laboratory 5,2020-06-15,23412
Laboratory 5,2020-06-16,22763
Laboratory 5,2020-06-17,22964
Laboratory 5,2020-06-18,22049
Laboratory 5,2020-06-19,19066
Laboratory 5,2020-06-20,9074
Laboratory 5,2020-06-21,8577
Laboratory 5,2020-06-22,22899
Laboratory 5,2020-06-23,24108
Laboratory 5,2020-06-24,23194
Laboratory 5,2020-06-25,22105
Laboratory 5,2020-06-26,19283
Laboratory 5,2020-06-27,9339
Laboratory 5,2020-06-28,8647
Laboratory 5,2020-06-29,23452
Laboratory 5,2020-06-30,23884
Laboratory 5,2020-07-01,23643
Laboratory 5,2020-07-02,22647
Laboratory 5,2020-07-03,9217
Laboratory 5,2020-07-04,7804
Laboratory 5,2020-07-05,8076
Laboratory 5,2020-07-06,23620
Laboratory 5,2020-07-07,25874
Laboratory 5,2020-07-08,24517
Laboratory 5,2020-07-09,25181
Laboratory 5,2020-07-10,21357
Laboratory 5,2020-07-11,9730
Laboratory 5,2020-07-12,9915
Laboratory 5,2020-07-13,26756
Laboratory 5,2020-07-14,26583
Laboratory 5,2020-07-15,25970
Laboratory 5,2020-07-16,25924
Laboratory 5,2020-07-17,22372
Laboratory 5,2020-07-18,10062
Laboratory 5,2020-07-19,10097
Laboratory 5,2020-07-20,25328
Laboratory 5,2020-07-21,26444
Laboratory 5,2020-07-22,25429
Laboratory 5,2020-07-23,25316
Laboratory 5,2020-07-24,20981
Laboratory 5,2020-07-25,10544
Laboratory 5,2020-07-26,9562
Laboratory 5,2020-07-27,25877
Laboratory 5,2020-07-28,26710
Laboratory 5,2020-07-29,25479
Laboratory 5,2020-07-30,26012
Laboratory 5,2020-07-31,21444
Laboratory 5,2020-08-01,10614
Laboratory 5,2020-08-02,9813
Laboratory 5,2020-08-03,26277
Laboratory 5,2020-08-04,23917
Laboratory 5,2020-08-05,25454
Laboratory 5,2020-08-06,26455
Laboratory 5,2020-08-07,21784
Laboratory 5,2020-08-08,9830
Laboratory 5,2020-08-09,8680
Laboratory 5,2020-08-10,25741
Laboratory 5,2020-08-11,27935
Laboratory 5,2020-08-12,24862
Laboratory 5,2020-08-13,26080
Laboratory 5,2020-08-14,23647
Laboratory 5,2020-08-15,10769
Laboratory 5,2020-08-16,9265
Laboratory 5,2020-08-17,25787
Laboratory 5,2020-08-18,25985
Laboratory 5,2020-08-19,26139
Laboratory 5,2020-08-20,25980
Laboratory 5,2020-08-21,23667
Laboratory 5,2020-08-22,11101
Laboratory 5,2020-08-23,10206
Laboratory 5,2020-08-24,27277
Laboratory 5,2020-08-25,27085
Laboratory 5,2020-08-26,26412
Laboratory 5,2020-08-27,26515
Laboratory 5,2020-08-28,23665
Laboratory 5,2020-08-29,11241
Laboratory 5,2020-08-30,9844
Laboratory 5,2020-08-31,25892
Laboratory 5,2020-09-01,26049
Laboratory 5,2020-09-02,25520
Laboratory 5,2020-09-03,26720
Laboratory 5,2020-09-04,22874
Laboratory 5,2020-09-05,10243
Laboratory 5,2020-09-06,9648
Laboratory 5,2020-09-07,10058
Laboratory 5,2020-09-08,29215
Laboratory 5,2020-09-09,29029
Laboratory 5,2020-09-10,29007
Laboratory 5,2020-09-11,25574
Laboratory 5,2020-09-12,10640
Laboratory 5,2020-09-13,9151
Laboratory 5,2020-09-14,29749
Laboratory 5,2020-09-15,29336
Laboratory 5,2020-09-16,28603
Laboratory 5,2020-09-17,28746
Laboratory 5,2020-09-18,24897
Laboratory 5,2020-09-19,10801
Laboratory 5,2020-09-20,9487
Laboratory 5,2020-09-21,28739
Laboratory 5,2020-09-22,29673
Laboratory 5,2020-09-23,29375
Laboratory 5,2020-09-24,27900
Laboratory 5,2020-09-25,25663
Laboratory 5,2020-09-26,10922
Laboratory 5,2020-09-27,8849
Laboratory 5,2020-09-28,25928
Laboratory 5,2020-09-29,29545
Laboratory 5,2020-09-30,28578
Laboratory 6,2020-01-01,93
Laboratory 6,2020-01-02,304
Laboratory 6,2020-01-03,167
Laboratory 6,2020-01-04,283
Laboratory 6,2020-01-05,71
Laboratory 6,2020-01-06,403
Laboratory 6,2020-01-07,338
Laboratory 6,2020-01-08,265
Laboratory 6,2020-01-09,355
Laboratory 6,2020-01-10,219
Laboratory 6,2020-01-11,331
Laboratory 6,2020-01-12,13
Laboratory 6,2020-01-13,336
Laboratory 6,2020-01-14,301
Laboratory 6,2020-01-15,230
Laboratory 6,2020-01-16,275
Laboratory 6,2020-01-17,166
Laboratory 6,2020-01-18,16
Laboratory 6,2020-01-19,216
Laboratory 6,2020-01-20,50
Laboratory 6,2020-01-21,338
Laboratory 6,2020-01-22,356
Laboratory 6,2020-01-23,451
Laboratory 6,2020-01-24,137
Laboratory 6,2020-01-25,240
Laboratory 6,2020-01-26,38
Laboratory 6,2020-01-27,355
Laboratory 6,2020-01-28,305
Laboratory 6,2020-01-29,273
Laboratory 6,2020-01-30,333
Laboratory 6,2020-01-31,132
Laboratory 6,2020-02-01,233
Laboratory 6,2020-02-02,40
Laboratory 6,2020-02-03,307
Laboratory 6,2020-02-04,324
Laboratory 6,2020-02-05,311
Laboratory 6,2020-02-06,297
Laboratory 6,2020-02-07,127
Laboratory 6,2020-02-08,218
Laboratory 6,2020-02-09,55
Laboratory 6,2020-02-10,253
Laboratory 6,2020-02-11,386
Laboratory 6,2020-02-12,258
Laboratory 6,2020-02-13,276
Laboratory 6,2020-02-14,160
Laboratory 6,2020-02-15,21
Laboratory 6,2020-02-16,241
Laboratory 6,2020-02-17,35
Laboratory 6,2020-02-18,322
Laboratory 6,2020-02-19,412
Laboratory 6,2020-02-20,322
Laboratory 6,2020-02-21,158
Laboratory 6,2020-02-22,287
Laboratory 6,2020-02-23,21
Laboratory 6,2020-02-24,394
Laboratory 6,2020-02-25,214
Laboratory 6,2020-02-26,320
Laboratory 6,2020-02-27,352
Laboratory 6,2020-02-28,167
Laboratory 6,2020-02-29,305
Laboratory 6,2020-03-01,65
Laboratory 6,2020-03-02,475
Laboratory 6,2020-03-03,327
Laboratory 6,2020-03-04,287
Laboratory 6,2020-03-05,342
Laboratory 6,2020-03-06,204
Laboratory 6,2020-03-07,252
Laboratory 6,2020-03-08,35
Laboratory 6,2020-03-09,346
Laboratory 6,2020-03-10,451
Laboratory 6,2020-03-11,268
Laboratory 6,2020-03-12,224
Laboratory 6,2020-03-13,125
Laboratory 6,2020-03-14,217
Laboratory 6,2020-03-15,21
Laboratory 6,2020-03-16,297
Laboratory 6,2020-03-17,200
Laboratory 6,2020-03-18,136
Laboratory 6,2020-03-19,179
Laboratory 6,2020-03-20,104
Laboratory 6,2020-03-21,215
Laboratory 6,2020-03-22,40
Laboratory 6,2020-03-23,168
Laboratory 6,2020-03-24,238
Laboratory 6,2020-03-25,312
Laboratory 6,2020-03-26,147
Laboratory 6,2020-03-27,116
Laboratory 6,2020-03-28,236
Laboratory 6,2020-03-29,55
Laboratory 6,2020-03-30,206
Laboratory 6,2020-03-31,156
Laboratory 6,2020-04-01,146
Laboratory 6,2020-04-02,177
Laboratory 6,2020-04-03,99
Laboratory 6,2020-04-04,208
Laboratory 6,2020-04-05,26
Laboratory 6,2020-04-06,199
Laboratory 6,2020-04-07,174
Laboratory 6,2020-04-08,158
Laboratory 6,2020-04-09,184
Laboratory 6,2020-04-10,82
Laboratory 6,2020-04-11,257
Laboratory 6,2020-04-12,63
Laboratory 6,2020-04-13,215
Laboratory 6,2020-04-14,193
Laboratory 6,2020-04-15,225
Laboratory 6,2020-04-16,196
Laboratory 6,2020-04-17,96
Laboratory 6,2020-04-18,213
Laboratory 6,2020-04-19,50
Laboratory 6,2020-04-20,275
Laboratory 6,2020-04-21,226
Laboratory 6,2020-04-22,249
Laboratory 6,2020-04-23,205
Laboratory 6,2020-04-24,93
Laboratory 6,2020-04-25,285
Laboratory 6,2020-04-26,38
Laboratory 6,2020-04-27,279
Laboratory 6,2020-04-28,199
Laboratory 6,2020-04-29,171
Laboratory 6,2020-04-30,160
Laboratory 6,2020-05-01,121
Laboratory 6,2020-05-02,295
Laboratory 6,2020-05-03,27
Laboratory 6,2020-05-04,224
Laboratory 6,2020-05-05,213
Laboratory 6,2020-05-06,305
Laboratory 6,2020-05-07,305
Laboratory 6,2020-05-08,102
Laboratory 6,2020-05-09,187
Laboratory 6,2020-05-10,45
Laboratory 6,2020-05-11,278
Laboratory 6,2020-05-12,300
Laboratory 6,2020-05-13,270
Laboratory 6,2020-05-14,261
Laboratory 6,2020-05-15,106
Laboratory 6,2020-05-16,228
Laboratory 6,2020-05-17,53
Laboratory 6,2020-05-18,252
Laboratory 6,2020-05-19,277
Laboratory 6,2020-05-20,186
Laboratory 6,2020-05-21,185
Laboratory 6,2020-05-22,107
Laboratory 6,2020-05-23,28
Laboratory 6,2020-05-24,235
Laboratory 6,2020-05-25,61
Laboratory 6,2020-05-26,263
Laboratory 6,2020-05-27,113
Laboratory 6,2020-05-28,57
Laboratory 6,2020-05-29,25
Laboratory 6,2020-05-30,57
Laboratory 6,2020-05-31,9
Laboratory 6,2020-06-01,22
Laboratory 6,2020-06-02,1
Laboratory 6,2020-06-03,4
Laboratory 6,2020-06-04,4
Laboratory 6,2020-06-05,5
Laboratory 6,2020-06-06,5
Laboratory 6,2020-06-08,2
Laboratory 6,2020-06-10,1
Laboratory 6,2020-06-11,2
Laboratory 6,2020-06-13,1
Laboratory 6,2020-06-15,2
Laboratory 6,2020-06-16,1
Laboratory 6,2020-06-17,1
Laboratory 6,2020-06-20,2
Laboratory 6,2020-06-23,1
Laboratory 6,2020-06-24,2
Laboratory 6,2020-06-26,2
Laboratory 6,2020-06-27,4
Laboratory 6,2020-06-30,1
Laboratory 6,2020-07-01,3
Laboratory 6,2020-07-02,2
Laboratory 6,2020-07-04,5
Laboratory 6,2020-07-06,3
Laboratory 6,2020-07-07,2
Laboratory 6,2020-07-08,1
Laboratory 6,2020-07-09,5
Laboratory 6,2020-07-11,1
Laboratory 6,2020-07-12,2
Laboratory 6,2020-07-13,2
Laboratory 6,2020-07-14,3
Laboratory 6,2020-07-15,3
Laboratory 6,2020-07-16,4
Laboratory 6,2020-07-21,4
Laboratory 6,2020-07-23,2
Laboratory 6,2020-07-24,2
Laboratory 6,2020-07-26,2
Laboratory 6,2020-07-27,1
Laboratory 6,2020-07-28,1
Laboratory 6,2020-07-30,2
Laboratory 6,2020-07-31,1
Laboratory 6,2020-08-01,2
Laboratory 6,2020-08-02,1
Laboratory 6,2020-08-03,4
Laboratory 6,2020-08-04,1
Laboratory 6,2020-08-05,2
Laboratory 6,2020-08-06,1
Laboratory 6,2020-08-07,2
Laboratory 6,2020-08-08,1
Laboratory 6,2020-08-09,1
Laboratory 6,2020-08-11,1
Laboratory 6,2020-08-12,4
Laboratory 6,2020-08-13,4
Laboratory 6,2020-08-14,2
Laboratory 6,2020-08-15,4
Laboratory 6,2020-08-17,1
Laboratory 6,2020-08-18,2
Laboratory 6,2020-08-19,1
Laboratory 6,2020-08-22,1
Laboratory 6,2020-08-24,2
Laboratory 6,2020-08-25,5
Laboratory 6,2020-08-26,5
Laboratory 6,2020-08-27,3
Laboratory 6,2020-08-28,1
Laboratory 6,2020-08-29,2
Laboratory 6,2020-08-31,1
Laboratory 6,2020-09-01,4
Laboratory 6,2020-09-02,3
Laboratory 6,2020-09-04,1
Laboratory 6,2020-09-05,1
Laboratory 6,2020-09-08,1
Laboratory 6,2020-09-10,1
Laboratory 6,2020-09-12,2
Laboratory 6,2020-09-14,1
Laboratory 6,2020-09-16,2
Laboratory 6,2020-09-17,20
Laboratory 6,2020-09-18,1
Laboratory 6,2020-09-19,25
Laboratory 6,2020-09-20,6
Laboratory 6,2020-09-21,13
Laboratory 6,2020-09-22,11
Laboratory 6,2020-09-23,30
Laboratory 6,2020-09-24,20
Laboratory 6,2020-09-25,3
Laboratory 6,2020-09-26,17
Laboratory 6,2020-09-27,4
Laboratory 6,2020-09-28,10
Laboratory 6,2020-09-29,18
Laboratory 6,2020-09-30,27
